Model,Accuracy,Precision,Recall,F1
TF-IDF + SVM,0.95,0.9083333333333334,0.95,0.9272727272727274
TF-IDF + Reuse,0.75,0.65,0.75,0.6900000000000001
