Model,Accuracy,Precision,Recall,F1
TF-IDF + SVM,0.9,0.8126984126984127,0.9,0.853393665158371
TF-IDF + Reuse,0.75,0.65,0.75,0.6900000000000001
